"","Country name","Regional indicator","Ladder score","Standard error of ladder score","upperwhisker","lowerwhisker","Logged GDP per capita","Social support","Healthy life expectancy","Freedom to make life choices","Generosity","Perceptions of corruption","Ladder score in Dystopia","Explained by: Log GDP per capita","Explained by: Social support","Explained by: Healthy life expectancy","Explained by: Freedom to make life choices","Explained by: Generosity","Explained by: Perceptions of corruption","Dystopia + residual","region","country","total_cases","total_deaths","total_cases_per_100k","total_deaths_per_100k","death_case_ratio","location","people_vaccinated","people_fully_vaccinated","people_vaccinated_per_hundred","people_fully_vaccinated_per_hundred"
"1","Finland","Western Europe",7.842,0.032,7.904,7.78,10.775,0.954,72,0.949,-0.098,0.186,2.43,1.446,1.106,0.741,0.691,0.124,0.481,3.253,"Finland","Finland",35279.432,540.722999999999,636.730329895873,9.75907815557479,0.0153268624052677,NA,NA,NA,NA,NA
"2","Denmark","Western Europe",7.62,0.035,7.687,7.552,10.933,0.954,72.7,0.946,0.03,0.179,2.43,1.502,1.108,0.763,0.686,0.208,0.485,2.868,"Denmark","Denmark",156730.717,1206.447,2705.8912990446,20.8288107305631,0.00769757851615009,"Denmark",32605,1,0.56,0
"3","Switzerland","Western Europe",7.571,0.036,7.643,7.5,11.117,0.942,74.4,0.919,0.025,0.292,2.43,1.566,1.079,0.816,0.653,0.204,0.413,2.839,"Switzerland","Switzerland",437931.577,7379.433,5060.09135238552,85.265843044719,0.0168506529046203,"Switzerland",6280,9,0.07,0
"4","Iceland","Western Europe",7.554,0.059,7.67,7.438,10.878,0.983,73,0.955,0.16,0.673,2.43,1.482,1.172,0.772,0.698,0.293,0.17,2.967,"Iceland","Iceland",5713.864,28.438,1674.39238095238,8.33347985347986,0.00497701730387703,"Iceland",4875,NA,1.42,NA
"5","Netherlands","Western Europe",7.464,0.027,7.518,7.41,10.932,0.942,72.4,0.913,0.175,0.338,2.43,1.501,1.079,0.753,0.647,0.302,0.384,2.798,"Netherlands","Netherlands",781631.141,11221.282,4561.63953476632,65.4879788137327,0.014356237119268,"Netherlands",0,0,0,0
"6","Norway","Western Europe",7.392,0.035,7.462,7.323,11.053,0.954,73.3,0.96,0.093,0.27,2.43,1.543,1.108,0.782,0.703,0.249,0.427,2.58,"Norway","Norway",47769.001,428.176999999999,881.144966411755,7.89813478166077,0.00896349077930264,"Norway",2391,NA,0.04,NA
"7","Sweden","Western Europe",7.363,0.036,7.433,7.293,10.867,0.934,72.7,0.945,0.086,0.237,2.43,1.478,1.062,0.763,0.685,0.244,0.448,2.683,"Sweden","Sweden",412492.862,8407.001,4084.38295045087,83.2436502836344,0.0203809611619413,"Sweden",0,0,0,0
"8","Luxembourg","Western Europe",7.324,0.037,7.396,7.252,11.647,0.908,72.6,0.907,-0.034,0.386,2.43,1.751,1.003,0.76,0.639,0.166,0.353,2.653,"Luxembourg","Luxembourg",45769.857,477.148,7311.75907702532,76.2246475903229,0.0104249397152366,"Luxembourg",1251,NA,0.2,NA
"9","New Zealand","North America and ANZ",7.277,0.04,7.355,7.198,10.643,0.948,73.4,0.929,0.134,0.242,2.43,1.4,1.094,0.785,0.665,0.276,0.445,2.612,"New Zealand","New Zealand",2148.15,25.008,44.54678983782,0.518597919262715,0.0116416451365128,"New Zealand",0,0,0,0
"10","Austria","Western Europe",7.268,0.036,7.337,7.198,10.906,0.934,73.3,0.908,0.042,0.481,2.43,1.492,1.062,0.782,0.64,0.215,0.292,2.784,"Austria","Austria",354137.864,5981.134,3932.06901758749,66.4098196837805,0.0168892812884871,"Austria",5185,NA,0.06,NA
"11","Australia","North America and ANZ",7.183,0.041,7.265,7.102,10.796,0.94,73.9,0.914,0.159,0.442,2.43,1.453,1.076,0.801,0.647,0.291,0.317,2.598,"Australia","Australia",28340.991,908.727000000001,111.14165983755,3.5636519244933,0.0320640516769509,"Australia",0,0,0,0
"12","Israel","Middle East and North Africa",7.157,0.034,7.224,7.09,10.575,0.939,73.503,0.8,0.031,0.753,2.43,1.376,1.074,0.788,0.509,0.208,0.119,3.083,"Israel","Israel",407719.141,3257.431,4710.49863896433,37.6340543011696,0.00798939925167752,"Israel",991577,1,10.67,0
"13","Germany","Western Europe",7.155,0.04,7.232,7.077,10.873,0.903,72.5,0.875,0.011,0.46,2.43,1.48,0.993,0.757,0.6,0.195,0.306,2.824,"Germany","Germany",1686255.846,31465.146,2012.62407254755,37.5551019947795,0.018659769853216,"Germany",206507,846,0.25,0
"14","Canada","North America and ANZ",7.103,0.042,7.185,7.021,10.776,0.926,73.8,0.915,0.089,0.415,2.43,1.447,1.044,0.798,0.648,0.246,0.335,2.585,"Canada","Canada",561451.002,15350.857,1487.59648792728,40.6729721356413,0.0273414010222035,"Canada",98656,1,0.26,0
"15","Ireland","Western Europe",7.085,0.04,7.164,7.006,11.342,0.947,72.4,0.879,0.077,0.363,2.43,1.644,1.092,0.753,0.606,0.238,0.367,2.384,"Ireland","Ireland",87554.1360000001,2211.283,1773.14202530846,44.7827937808692,0.0252561797880114,"Ireland",2260,15,0.05,0
"16","Costa Rica","Latin America and Caribbean",7.069,0.056,7.179,6.96,9.88,0.891,71.4,0.934,-0.126,0.809,2.43,1.134,0.966,0.722,0.673,0.105,0.083,3.387,"Costa Rica","Costa Rica",165563.001,2130.582,3250.08433262389,41.8243879112246,0.0128687085105446,"Costa Rica",55,NA,0,NA
"17","United Kingdom","Western Europe",7.064,0.038,7.138,6.99,10.707,0.934,72.5,0.859,0.233,0.459,2.43,1.423,1.062,0.757,0.58,0.34,0.306,2.596,"United Kingdom","United Kingdom",2349818.861,71549.426,3461.418735149,105.396431936103,0.0304489112703568,"United Kingdom",0,0,0,0
"18","Czech Republic","Central and Eastern Europe",6.965,0.049,7.062,6.868,10.556,0.947,70.807,0.858,-0.208,0.868,2.43,1.37,1.09,0.703,0.58,0.052,0.046,3.124,"Czech Republic",NA,NA,NA,NA,NA,NA,NA,NA,NA,NA,NA
"19","United States","North America and ANZ",6.951,0.049,7.047,6.856,11.023,0.92,68.2,0.837,0.098,0.698,2.43,1.533,1.03,0.621,0.554,0.252,0.154,2.807,"United States","United States",19463947.002,342636.995,5880.29950165323,103.514880652903,0.0176036748848932,"United States",5486013,30988,1.65,0.01
"20","Belgium","Western Europe",6.834,0.034,6.901,6.767,10.823,0.906,72.199,0.783,-0.153,0.646,2.43,1.463,0.998,0.747,0.489,0.088,0.187,2.862,"Belgium","Belgium",640861.285999999,19287.281,5529.61621851837,166.418637166236,0.0300958747568971,"Belgium",929,21,0.01,0
"21","France","Western Europe",6.69,0.037,6.762,6.618,10.704,0.942,74,0.822,-0.147,0.571,2.43,1.421,1.081,0.804,0.536,0.092,0.235,2.521,"France","France",2630651.138,63543.424,3860.22072620014,93.2436987920074,0.0241550173955449,"France",1972,NA,0,NA
"22","Bahrain","Middle East and North Africa",6.647,0.068,6.779,6.514,10.669,0.862,69.495,0.925,0.089,0.722,2.43,1.409,0.899,0.662,0.661,0.246,0.139,2.631,"Bahrain","Bahrain",91941.7099999999,351.29,5403.30445238347,20.6448936078934,0.00382079036815826,"Bahrain",58643,NA,3.35,NA
"23","Malta","Western Europe",6.602,0.044,6.688,6.516,10.674,0.931,72.2,0.927,0.133,0.653,2.43,1.411,1.055,0.747,0.664,0.275,0.183,2.268,"Malta","Malta",12437.72,212.012,2816.90179123475,48.0165964954398,0.0170458894395436,"Malta",0,0,0,0
"24","Taiwan Province of China","East Asia",6.584,0.038,6.659,6.51,10.871,0.898,69.6,0.784,-0.07,0.721,2.43,1.48,0.982,0.665,0.49,0.142,0.139,2.687,"Taiwan Province of China",NA,NA,NA,NA,NA,NA,NA,NA,NA,NA,NA
"25","United Arab Emirates","Middle East and North Africa",6.561,0.039,6.637,6.484,11.085,0.844,67.333,0.932,0.074,0.589,2.43,1.555,0.86,0.594,0.67,0.236,0.223,2.422,"United Arab Emirates","United Arab Emirates",203347.717,660.133,2056.01105112028,6.67448232629621,0.00324632609472572,"United Arab Emirates",0,0,0,0
"26","Saudi Arabia","Middle East and North Africa",6.494,0.056,6.604,6.384,10.743,0.891,66.603,0.877,-0.149,0.684,2.43,1.435,0.964,0.571,0.603,0.09,0.163,2.668,"Saudi Arabia","Saudi Arabia",362335.008,6195.139,1040.77782568653,17.7950326517878,0.0170978206996769,"Saudi Arabia",0,0,0,0
"27","Spain","Western Europe",6.491,0.042,6.574,6.408,10.571,0.932,74.7,0.761,-0.081,0.745,2.43,1.375,1.057,0.826,0.462,0.135,0.124,2.513,"Spain","Spain",1882305.136,50223.146,4025.90925510231,107.418199331606,0.0266817239349019,"Spain",0,0,0,0
"28","Italy","Western Europe",6.483,0.045,6.572,6.395,10.623,0.88,73.8,0.693,-0.084,0.866,2.43,1.393,0.94,0.798,0.379,0.133,0.047,2.794,"Italy","Italy",2060799.725,72566.714,3408.43106000698,120.020707941546,0.0352128899861921,"Italy",40690,NA,0.07,NA
"29","Slovenia","Central and Eastern Europe",6.461,0.043,6.546,6.376,10.529,0.948,71.4,0.949,-0.101,0.806,2.43,1.36,1.093,0.722,0.69,0.122,0.085,2.388,"Slovenia","Slovenia",116754.422,2598.865,5616.07700492368,125.009620324282,0.0222592425664186,"Slovenia",11489,NA,0.55,NA
"30","Guatemala","Latin America and Caribbean",6.435,0.073,6.577,6.292,9.053,0.813,64.958,0.906,-0.038,0.775,2.43,0.845,0.79,0.519,0.638,0.163,0.105,3.375,"Guatemala","Guatemala",136064.287,4779.289,759.47519271927,26.6767387267174,0.0351252272390917,"Guatemala",0,0,0,0
"31","Uruguay","Latin America and Caribbean",6.431,0.046,6.521,6.341,9.966,0.925,69.1,0.896,-0.092,0.59,2.43,1.164,1.042,0.649,0.625,0.128,0.223,2.6,"Uruguay","Uruguay",17366.29,161.605,499.932493255803,4.65220784477306,0.00930567208079562,"Uruguay",0,0,0,0
"32","Singapore","Southeast Asia",6.377,0.043,6.46,6.293,11.488,0.915,76.953,0.927,-0.018,0.082,2.43,1.695,1.019,0.897,0.664,0.176,0.547,1.379,"Singapore","Singapore",58448.7060000001,29.016,999.064601853259,0.495970919995631,0.00049643528464086,"Singapore",0,0,0,0
"33","Kosovo","Central and Eastern Europe",6.372,0.059,6.487,6.257,9.318,0.821,63.813,0.869,0.257,0.917,2.43,0.937,0.807,0.483,0.593,0.356,0.014,3.182,"Kosovo",NA,NA,NA,NA,NA,NA,"Kosovo",0,0,0,0
"34","Slovakia","Central and Eastern Europe",6.331,0.041,6.411,6.251,10.369,0.936,69.201,0.766,-0.124,0.911,2.43,1.304,1.066,0.653,0.468,0.107,0.018,2.714,"Slovakia","Slovakia",170116.43,1900.292,3115.88926235653,34.806158571174,0.0111705377311292,"Slovakia",0,0,0,0
"35","Brazil","Latin America and Caribbean",6.33,0.043,6.415,6.245,9.577,0.882,66.601,0.804,-0.071,0.756,2.43,1.028,0.944,0.571,0.514,0.142,0.117,3.015,"Brazil","Brazil",7537457.291,192213.861,3546.04735046097,90.4283004475234,0.0255011542459432,"Brazil",0,0,0,0
"36","Mexico","Latin America and Caribbean",6.317,0.053,6.42,6.213,9.859,0.831,68.597,0.862,-0.147,0.799,2.43,1.126,0.83,0.634,0.585,0.092,0.089,2.961,"Mexico","Mexico",1394837.427,123384.727,1081.83327707274,95.6969615005429,0.0884581418677404,"Mexico",24998,NA,0.02,NA
"37","Jamaica","Latin America and Caribbean",6.309,0.156,6.615,6.004,9.186,0.877,67.5,0.89,-0.137,0.884,2.43,0.891,0.932,0.599,0.618,0.099,0.035,3.135,"Jamaica","Jamaica",12725.575,297.587,429.749513788679,10.0496730843071,0.0233849551002607,"Jamaica",0,0,0,0
"38","Lithuania","Central and Eastern Europe",6.255,0.045,6.344,6.167,10.499,0.935,67.906,0.773,-0.203,0.826,2.43,1.35,1.065,0.612,0.476,0.056,0.073,2.624,"Lithuania","Lithuania",134199.575,1653.866,4929.65575686067,60.7527262882624,0.012323928745676,"Lithuania",9755,NA,0.36,NA
"39","Cyprus","Western Europe",6.223,0.049,6.319,6.128,10.576,0.802,73.898,0.763,-0.015,0.844,2.43,1.377,0.765,0.801,0.464,0.178,0.061,2.578,"Cyprus","Cyprus",20591.997,114.3,2350.95564671269,13.0494497653268,0.00555070010936773,"Cyprus",0,0,0,0
"40","Estonia","Central and Eastern Europe",6.189,0.038,6.263,6.115,10.481,0.941,68.8,0.909,-0.106,0.527,2.43,1.344,1.079,0.64,0.641,0.119,0.263,2.103,"Estonia","Estonia",26047.577,214.157,1963.57415801571,16.14404099691,0.00822176281502115,"Estonia",2475,3,0.19,0
"41","Panama","Latin America and Caribbean",6.18,0.073,6.323,6.036,10.35,0.896,69.652,0.872,-0.166,0.856,2.43,1.298,0.976,0.667,0.596,0.079,0.053,2.509,"Panama","Panama",235453.71,3887.577,5456.92630519185,90.0993286313424,0.0165110033730197,"Panama",0,0,0,0
"42","Uzbekistan","Commonwealth of Independent States",6.179,0.068,6.312,6.045,8.836,0.918,65.255,0.97,0.311,0.515,2.43,0.769,1.027,0.528,0.716,0.391,0.271,2.477,"Uzbekistan","Uzbekistan",76816.284,613.013000000001,229.513362420176,1.83157356111211,0.00798024804219898,"Uzbekistan",0,0,0,0
"43","Chile","Latin America and Caribbean",6.172,0.046,6.262,6.081,10.071,0.882,70,0.742,-0.044,0.83,2.43,1.2,0.946,0.678,0.438,0.159,0.07,2.682,"Chile","Chile",602321.849,16463.289,3150.84360607273,86.1221437786122,0.0273330430023965,"Chile",8657,NA,0.05,NA
"44","Poland","Central and Eastern Europe",6.166,0.04,6.245,6.087,10.382,0.898,69.702,0.841,-0.165,0.735,2.43,1.309,0.982,0.668,0.558,0.08,0.13,2.438,"Poland","Poland",1266678.289,27477.856,3346.87428106167,72.6032255733374,0.0216928451672546,"Poland",47600,NA,0.13,NA
"45","Kazakhstan","Commonwealth of Independent States",6.152,0.047,6.243,6.06,10.155,0.952,65.2,0.853,-0.069,0.733,2.43,1.23,1.103,0.527,0.573,0.143,0.132,2.446,"Kazakhstan","Kazakhstan",198721.576,2718.282,1058.34093273118,14.4768835131741,0.0136788468304015,"Kazakhstan",0,0,0,0
"46","Romania","Central and Eastern Europe",6.14,0.057,6.253,6.027,10.284,0.832,67.355,0.845,-0.219,0.938,2.43,1.275,0.832,0.595,0.564,0.045,0.001,2.83,"Romania","Romania",620518.573,15360.998,3225.53711512645,79.8484869434893,0.0247550978623165,"Romania",10289,NA,0.05,NA
"47","Kuwait","Middle East and North Africa",6.106,0.066,6.235,5.977,10.817,0.843,66.9,0.867,-0.104,0.736,2.43,1.461,0.857,0.58,0.591,0.12,0.13,2.368,"Kuwait","Kuwait",149862.859,931.006,3509.20613979936,21.8005447993625,0.00621238648596714,NA,NA,NA,NA,NA
"48","Serbia","Central and Eastern Europe",6.078,0.053,6.181,5.974,9.787,0.873,68.6,0.778,0.002,0.835,2.43,1.101,0.924,0.634,0.482,0.189,0.066,2.682,"Serbia","Serbia",328981.858,3072.854,4834.70081104007,45.1585075734107,0.00934049682459997,"Serbia",0,0,0,0
"49","El Salvador","Latin America and Caribbean",6.061,0.065,6.188,5.933,9.054,0.762,66.402,0.888,-0.11,0.688,2.43,0.845,0.675,0.565,0.615,0.116,0.16,3.085,"El Salvador","El Salvador",45227.997,1310.146,697.295643474508,20.1989731739735,0.0289675883723084,"El Salvador",0,0,0,0
"50","Mauritius","Sub-Saharan Africa",6.049,0.059,6.165,5.933,10.008,0.905,66.701,0.867,-0.054,0.789,2.43,1.178,0.996,0.574,0.59,0.153,0.096,2.462,"Mauritius","Mauritius",518.440999999999,9.575,40.7654074999586,0.752889483686871,0.0184688325190331,"Mauritius",0,0,0,0
"51","Latvia","Central and Eastern Europe",6.032,0.036,6.103,5.961,10.315,0.927,67.1,0.715,-0.162,0.8,2.43,1.285,1.047,0.587,0.405,0.082,0.089,2.536,"Latvia","Latvia",37432.139,574.022,1984.52440406701,30.4326896058853,0.0153350039654426,"Latvia",2331,NA,0.12,NA
"52","Colombia","Latin America and Caribbean",6.012,0.061,6.132,5.892,9.557,0.847,68.001,0.837,-0.135,0.841,2.43,1.021,0.866,0.615,0.554,0.1,0.063,2.794,"Colombia","Colombia",1605995.008,42417.152,3156.25782532295,83.3623188496941,0.0264117583110196,"Colombia",0,0,0,0
"53","Hungary","Central and Eastern Europe",5.992,0.047,6.085,5.899,10.358,0.943,68,0.755,-0.186,0.876,2.43,1.301,1.083,0.615,0.454,0.067,0.04,2.432,"Hungary","Hungary",317409.425,9178.577,3285.69280616127,95.012882556015,0.0289171532949912,NA,NA,NA,NA,NA
"54","Thailand","Southeast Asia",5.985,0.047,6.077,5.893,9.805,0.888,67.401,0.884,0.287,0.895,2.43,1.107,0.957,0.596,0.611,0.375,0.028,2.309,"Thailand","Thailand",6479.008,60.865,9.28224934397544,0.0871991678851248,0.00939418503573387,"Thailand",0,0,0,0
"55","Nicaragua","Latin America and Caribbean",5.972,0.083,6.134,5.81,8.62,0.864,67.657,0.836,0.02,0.664,2.43,0.693,0.904,0.604,0.553,0.201,0.176,2.841,"Nicaragua","Nicaragua",6013.455,164.46,90.775243133349,2.48258222364857,0.0273486706061657,"Nicaragua",0,0,0,0
"56","Japan","East Asia",5.94,0.04,6.02,5.861,10.611,0.884,75.1,0.796,-0.258,0.638,2.43,1.389,0.949,0.838,0.504,0.02,0.192,2.048,"Japan","Japan",224480.565,3147.998,177.488023107035,2.48899917801303,0.0140234768208107,"Japan",0,0,0,0
"57","Argentina","Latin America and Caribbean",5.929,0.056,6.04,5.819,9.962,0.898,69,0.828,-0.182,0.834,2.43,1.162,0.98,0.646,0.544,0.069,0.067,2.461,"Argentina","Argentina",1595460.424,42838.141,3530.10951443539,94.7835037773552,0.0268500179356376,NA,NA,NA,NA,NA
"58","Portugal","Western Europe",5.929,0.055,6.037,5.821,10.421,0.879,72.6,0.892,-0.244,0.887,2.43,1.323,0.939,0.76,0.621,0.029,0.033,2.225,"Portugal","Portugal",399388.292,6688.148,3916.83601382289,65.5912541176283,0.0167459791234942,"Portugal",32749,NA,0.32,NA
"59","Honduras","Latin America and Caribbean",5.919,0.082,6.081,5.758,8.648,0.812,67.3,0.857,0.081,0.809,2.43,0.703,0.787,0.593,0.578,0.241,0.083,2.934,"Honduras","Honduras",120029.421,3087.003,1211.85433083268,31.1673415040757,0.0257187194129679,"Honduras",0,0,0,0
"60","Croatia","Central and Eastern Europe",5.882,0.048,5.975,5.788,10.217,0.924,70.799,0.754,-0.118,0.939,2.43,1.251,1.039,0.703,0.453,0.111,0,2.325,"Croatia","Croatia",206330.143,3735.143,5025.98473473596,90.9841452494697,0.0181027500184498,"Croatia",7864,NA,0.19,NA
"61","Philippines","Southeast Asia",5.88,0.052,5.982,5.778,9.076,0.83,62,0.917,-0.097,0.742,2.43,0.853,0.828,0.426,0.651,0.125,0.126,2.872,"Philippines","Philippines",470749.003,9141.568,429.589653177827,8.34228644478196,0.0194191977927567,"Philippines",0,0,0,0
"62","South Korea","East Asia",5.845,0.042,5.928,5.763,10.651,0.799,73.9,0.672,-0.083,0.727,2.43,1.403,0.758,0.801,0.353,0.134,0.135,2.262,"South Korea","South Korea",57219.29,842.421,111.605620865852,1.64313326389461,0.01472267481823,"South Korea",0,0,0,0
"63","Peru","Latin America and Caribbean",5.84,0.075,5.988,5.692,9.458,0.832,68.25,0.822,-0.154,0.891,2.43,0.986,0.833,0.623,0.536,0.087,0.031,2.744,"Peru","Peru",1008177.993,37472.287,3057.69350311778,113.649344959333,0.0371683247007753,"Peru",0,0,0,0
"64","Bosnia and Herzegovina","Central and Eastern Europe",5.813,0.05,5.911,5.715,9.59,0.87,68.098,0.706,0.113,0.931,2.43,1.032,0.919,0.618,0.395,0.261,0.005,2.583,"Bosnia and Herzegovina","Bosnia and Herzegovina",110033.429,3977.567,3353.84436489104,121.237162107586,0.0361487144056921,"Bosnia and Herzegovina",0,0,0,0
"65","Moldova","Commonwealth of Independent States",5.766,0.046,5.856,5.677,9.454,0.857,65.699,0.822,-0.079,0.918,2.43,0.985,0.888,0.542,0.536,0.137,0.013,2.665,"Moldova","Moldova",142289.152,2919.005,3527.27955115106,72.3607281474817,0.0205145997356144,"Moldova",0,0,0,0
"66","Ecuador","Latin America and Caribbean",5.764,0.057,5.875,5.653,9.313,0.821,68.8,0.842,-0.124,0.843,2.43,0.935,0.806,0.64,0.56,0.107,0.062,2.653,"Ecuador","Ecuador",210217.575,14002.577,1191.50291956157,79.3659206509529,0.0666099254546153,"Ecuador",0,0,0,0
"67","Kyrgyzstan","Commonwealth of Independent States",5.744,0.046,5.834,5.653,8.538,0.893,64.401,0.935,0.119,0.908,2.43,0.665,0.971,0.501,0.673,0.266,0.02,2.648,"Kyrgyzstan","Kyrgyzstan",80515.146,1349.009,1234.10160738703,20.6770310679132,0.0167547233908015,"Kyrgyzstan",0,0,0,0
"68","Greece","Western Europe",5.723,0.046,5.813,5.632,10.279,0.823,72.6,0.582,-0.288,0.823,2.43,1.273,0.811,0.76,0.243,0,0.074,2.561,"Greece","Greece",136439.707,4670.57,1309.01826681158,44.8099866296411,0.0342317504390419,"Greece",2339,NA,0.02,NA
"69","Bolivia","Latin America and Caribbean",5.716,0.053,5.819,5.613,9.046,0.81,63.901,0.875,-0.077,0.839,2.43,0.842,0.782,0.486,0.6,0.138,0.064,2.805,"Bolivia","Bolivia",156247.437,9118.435,1338.53378587512,78.1154146023281,0.0583589412733855,"Bolivia",0,0,0,0
"70","Mongolia","East Asia",5.677,0.042,5.76,5.595,9.4,0.935,62.5,0.708,0.116,0.856,2.43,0.966,1.065,0.442,0.397,0.263,0.053,2.492,"Mongolia","Mongolia",1162.865,0.429,35.4716724440654,0.0130860826308334,0.00036891642624036,"Mongolia",0,0,0,0
"71","Paraguay","Latin America and Caribbean",5.653,0.092,5.832,5.473,9.448,0.893,65.9,0.876,0.028,0.882,2.43,0.983,0.97,0.549,0.602,0.206,0.037,2.306,"Paraguay","Paraguay",105551.286,2206.01,1479.85758209219,30.9288569413658,0.0208998874727116,"Paraguay",0,0,0,0
"72","Montenegro","Central and Eastern Europe",5.581,0.054,5.686,5.475,9.94,0.858,68.699,0.708,-0.034,0.812,2.43,1.155,0.891,0.637,0.397,0.166,0.081,2.254,"Montenegro","Montenegro",47047.584,670.156,7490.91395435482,106.702204559422,0.0142442170888095,"Montenegro",0,0,0,0
"73","Dominican Republic","Latin America and Caribbean",5.545,0.071,5.685,5.405,9.802,0.853,66.102,0.86,-0.133,0.714,2.43,1.106,0.879,0.555,0.581,0.101,0.144,2.178,"Dominican Republic","Dominican Republic",167681.142,2406.279,1545.74692032673,22.1819717431128,0.0143503256913649,"Dominican Republic",0,0,0,0
"74","North Cyprus","Western Europe",5.536,0.051,5.636,5.435,10.576,0.82,73.898,0.795,0.012,0.626,2.43,1.377,0.806,0.801,0.503,0.196,0.2,1.653,"North Cyprus",NA,NA,NA,NA,NA,NA,NA,NA,NA,NA,NA
"75","Belarus","Commonwealth of Independent States",5.534,0.047,5.625,5.442,9.853,0.91,66.253,0.65,-0.18,0.627,2.43,1.124,1.007,0.56,0.326,0.07,0.199,2.247,"Belarus","Belarus",188615.282,1394.849,1996.07233154636,14.7613675098983,0.0073952067150105,"Belarus",0,NA,0,NA
"76","Russia","Commonwealth of Independent States",5.477,0.033,5.541,5.413,10.189,0.903,64.703,0.718,-0.111,0.845,2.43,1.241,0.992,0.511,0.409,0.115,0.06,2.148,"Russia","Russia",3046284.864,54604.711,2087.43353968624,37.4172837587504,0.0179250179933271,"Russia",52000,NA,0.04,NA
"77","Hong Kong S.A.R. of China","East Asia",5.477,0.049,5.573,5.38,11,0.836,76.82,0.717,0.067,0.403,2.43,1.525,0.841,0.893,0.408,0.232,0.342,1.236,"Hong Kong S.A.R. of China",NA,NA,NA,NA,NA,NA,NA,NA,NA,NA,NA
"78","Tajikistan","Commonwealth of Independent States",5.466,0.034,5.532,5.4,8.091,0.86,64.281,0.832,-0.056,0.553,2.43,0.508,0.895,0.498,0.548,0.152,0.247,2.619,"Tajikistan","Tajikistan",13163.579,88.8990000000002,138.017122051761,0.932085729365808,0.00675340650137779,"Tajikistan",0,0,0,0
"79","Vietnam","Southeast Asia",5.411,0.039,5.488,5.334,8.973,0.85,68.034,0.94,-0.098,0.796,2.43,0.817,0.873,0.616,0.679,0.124,0.091,2.211,"Vietnam","Vietnam",1433.439,35.002,1.47263187507055,0.0359590194568582,0.0244181998675911,"Vietnam",0,0,0,0
"80","Libya","Middle East and North Africa",5.41,0.076,5.558,5.262,9.622,0.827,62.3,0.771,-0.087,0.667,2.43,1.044,0.821,0.435,0.474,0.131,0.174,2.331,"Libya","Libya",98879.293,1441.008,1439.02143805083,20.9714424677648,0.0145734051718998,"Libya",0,0,0,0
"81","Malaysia","Southeast Asia",5.384,0.049,5.48,5.289,10.238,0.817,67.102,0.895,0.125,0.839,2.43,1.259,0.797,0.587,0.624,0.27,0.064,1.784,"Malaysia","Malaysia",107028.856,456.871,330.683008755052,1.41157705070611,0.00426867124507058,"Malaysia",0,0,0,0
"82","Indonesia","Southeast Asia",5.345,0.056,5.454,5.235,9.365,0.811,62.236,0.873,0.542,0.867,2.43,0.954,0.786,0.433,0.598,0.541,0.046,1.987,"Indonesia","Indonesia",720707.138,21473.573,263.489908244524,7.85071977385091,0.0297951440575298,"Indonesia",0,0,0,0
"83","Congo (Brazzaville)","Sub-Saharan Africa",5.342,0.097,5.533,5.151,8.117,0.636,58.221,0.695,-0.068,0.745,2.43,0.518,0.392,0.307,0.381,0.144,0.124,3.476,"Congo (Brazzaville)",NA,NA,NA,NA,NA,NA,NA,NA,NA,NA,NA
"84","China","East Asia",5.339,0.029,5.397,5.281,9.673,0.811,69.593,0.904,-0.146,0.755,2.43,1.061,0.785,0.665,0.636,0.093,0.117,1.982,"China","China",17560.291,2090.168,1.22003758412178,0.145218750482475,0.119028095832808,NA,NA,NA,NA,NA
"85","Ivory Coast","Sub-Saharan Africa",5.306,0.078,5.46,5.152,8.551,0.644,50.114,0.741,-0.016,0.794,2.43,0.669,0.409,0.052,0.438,0.177,0.092,3.469,"Ivory Coast",NA,NA,NA,NA,NA,NA,NA,NA,NA,NA,NA
"86","Armenia","Commonwealth of Independent States",5.283,0.058,5.397,5.168,9.487,0.799,67.055,0.825,-0.168,0.629,2.43,0.996,0.758,0.585,0.54,0.079,0.198,2.127,"Armenia","Armenia",158067.431,2779.282,5334.28784226963,93.7921878596156,0.0175828884066573,"Armenia",0,0,0,0
"87","Nepal","South Asia",5.269,0.07,5.406,5.132,8.12,0.774,64.233,0.782,0.152,0.727,2.43,0.519,0.702,0.496,0.488,0.287,0.135,2.642,"Nepal","Nepal",258873.426,1833.573,888.47558730524,6.29297828368846,0.00708289386180565,"Nepal",0,0,0,0
"88","Bulgaria","Central and Eastern Europe",5.266,0.054,5.371,5.16,10.016,0.931,67,0.788,-0.096,0.932,2.43,1.181,1.055,0.583,0.494,0.125,0.005,1.823,"Bulgaria","Bulgaria",199002.718,7300.722,2863.98925227155,105.069868150356,0.0366865441506181,"Bulgaria",4608,NA,0.07,NA
"89","Maldives","South Asia",5.198,0.072,5.339,5.057,9.826,0.913,70.6,0.854,0.024,0.825,2.43,1.115,1.015,0.697,0.575,0.204,0.073,1.52,"Maldives","Maldives",13665.862,48.0270000000001,2528.17764392036,8.88497101057828,0.00351437765140611,"Maldives",0,0,0,0
"90","Azerbaijan","Commonwealth of Independent States",5.171,0.04,5.25,5.091,9.569,0.836,65.656,0.814,-0.223,0.506,2.43,1.025,0.841,0.541,0.526,0.043,0.276,1.919,"Azerbaijan","Azerbaijan",215436.002,2533.153,2124.78827912527,24.9838177169247,0.0117582622054043,"Azerbaijan",0,0,0,0
"91","Cameroon","Sub-Saharan Africa",5.142,0.074,5.288,4.996,8.189,0.71,53.515,0.731,0.026,0.848,2.43,0.543,0.556,0.159,0.425,0.205,0.058,3.195,"Cameroon","Cameroon",26275.866,448.007,98.9828999349955,1.68767157098371,0.0170501326197964,"Cameroon",0,0,0,0
"92","Senegal","Sub-Saharan Africa",5.132,0.068,5.266,4.998,8.118,0.71,59.802,0.695,-0.046,0.801,2.43,0.518,0.558,0.357,0.381,0.158,0.088,3.071,"Senegal","Senegal",18729.284,394.013,111.857156593464,2.35316917832313,0.02103726976429,"Senegal",0,0,0,0
"93","Albania","Central and Eastern Europe",5.117,0.059,5.234,5.001,9.52,0.697,68.999,0.785,-0.03,0.901,2.43,1.008,0.529,0.646,0.491,0.168,0.024,2.25,"Albania","Albania",56724.288,1159.445,1971.09903398429,40.2892834804365,0.0204400097538465,"Albania",0,0,0,0
"94","North Macedonia","Central and Eastern Europe",5.101,0.051,5.202,5.001,9.693,0.805,65.474,0.751,0.038,0.905,2.43,1.068,0.772,0.535,0.45,0.212,0.022,2.042,"North Macedonia","North Macedonia",82037.857,2456.157,3937.72893087195,117.892895199148,0.0299393120422441,"North Macedonia",0,0,0,0
"95","Ghana","Sub-Saharan Africa",5.088,0.067,5.219,4.958,8.58,0.727,57.586,0.807,0.123,0.848,2.43,0.68,0.595,0.287,0.517,0.268,0.058,2.684,"Ghana","Ghana",54489.571,333.878,175.360175870037,1.07449744464195,0.00612737435572763,"Ghana",0,0,0,0
"96","Niger","Sub-Saharan Africa",5.074,0.102,5.273,4.875,7.098,0.641,53.78,0.806,0.018,0.693,2.43,0.162,0.402,0.167,0.516,0.2,0.157,3.47,"Niger","Niger",3151.428,98.299,13.0188597870435,0.406082860914668,0.0311918914219205,"Niger",0,0,0,0
"97","Turkmenistan","Commonwealth of Independent States",5.066,0.036,5.136,4.996,9.629,0.983,62.409,0.877,0.273,0.888,2.43,1.046,1.172,0.439,0.602,0.366,0.033,1.409,"Turkmenistan",NA,NA,NA,NA,NA,NA,"Turkmenistan",0,0,0,0
"98","Gambia","Sub-Saharan Africa",5.051,0.089,5.225,4.877,7.686,0.69,55.16,0.697,0.424,0.746,2.43,0.367,0.511,0.21,0.384,0.465,0.123,2.99,"Gambia","Gambia",3793.439,123.447,156.970062863517,5.10815736072537,0.0325422393769875,"Gambia",0,0,0,0
"99","Benin","Sub-Saharan Africa",5.045,0.073,5.189,4.901,8.087,0.489,54.713,0.757,-0.034,0.661,2.43,0.507,0.058,0.196,0.457,0.166,0.178,3.482,"Benin","Benin",3216.993,44.011,26.5358447498754,0.363031272771425,0.0136807882392035,"Benin",0,0,0,0
"100","Laos","Southeast Asia",5.03,0.045,5.119,4.941,8.947,0.728,58.968,0.91,0.123,0.658,2.43,0.808,0.598,0.33,0.643,0.268,0.179,2.204,"Laos","Laos",37.436,0,0.51454486777368,0,0,"Laos",0,0,0,0
"101","Bangladesh","South Asia",5.025,0.046,5.115,4.934,8.454,0.693,64.8,0.877,-0.041,0.682,2.43,0.635,0.52,0.514,0.603,0.161,0.164,2.427,"Bangladesh","Bangladesh",510263.434,7479.414,309.833836708223,4.54152773163283,0.0146579462717291,"Bangladesh",0,0,0,0
"102","Guinea","Sub-Saharan Africa",4.984,0.09,5.16,4.808,7.838,0.639,55.008,0.697,0.095,0.766,2.43,0.42,0.399,0.206,0.384,0.25,0.111,3.216,"Guinea","Guinea",13680.863,80.1690000000001,104.173301457908,0.610449019523037,0.00585993734459589,"Guinea",0,0,0,0
"103","South Africa","Sub-Saharan Africa",4.956,0.06,5.074,4.839,9.403,0.86,56.904,0.749,-0.067,0.86,2.43,0.967,0.895,0.265,0.447,0.144,0.051,2.187,"South Africa","South Africa",1016045.429,27239.006,1713.1476500324,45.9275124775139,0.0268088465560136,"South Africa",0,0,0,0
"104","Turkey","Middle East and North Africa",4.948,0.046,5.038,4.857,10.24,0.822,67.199,0.576,-0.139,0.776,2.43,1.26,0.809,0.59,0.236,0.097,0.104,1.852,"Turkey","Turkey",1340127.421,20131.284,1588.97586690163,23.8694649064591,0.0150219178300061,"Turkey",0,0,0,0
"105","Pakistan","South Asia",4.934,0.068,5.066,4.802,8.458,0.651,58.709,0.726,0.098,0.787,2.43,0.637,0.423,0.322,0.418,0.252,0.097,2.784,"Pakistan","Pakistan",475475.71,9991.291,215.252248843352,4.52314978739574,0.0210132521806424,"Pakistan",0,0,0,0
"106","Morocco","Middle East and North Africa",4.918,0.06,5.036,4.8,8.903,0.56,66.208,0.774,-0.236,0.801,2.43,0.792,0.219,0.558,0.477,0.034,0.088,2.749,"Morocco","Morocco",433652.859,7277.563,1174.87483933459,19.7167515050843,0.0167820016609184,"Morocco",0,0,0,0
"107","Venezuela","Latin America and Caribbean",4.892,0.064,5.017,4.767,9.073,0.861,66.7,0.615,-0.169,0.827,2.43,0.852,0.897,0.574,0.284,0.078,0.072,2.135,"Venezuela","Venezuela",112564.005,1018.434,395.851141634374,3.58150246679,0.00904759918590317,"Venezuela",0,0,0,0
"108","Georgia","Commonwealth of Independent States",4.891,0.054,4.998,4.785,9.585,0.671,64.3,0.783,-0.238,0.655,2.43,1.03,0.47,0.498,0.488,0.032,0.181,2.191,"Georgia","Georgia",222920.149,2412.737,5588.1265925912,60.4821046958331,0.0108233240055837,"Georgia",0,0,0,0
"109","Algeria","Middle East and North Africa",4.887,0.053,4.991,4.783,9.342,0.802,66.005,0.48,-0.067,0.752,2.43,0.946,0.765,0.552,0.119,0.144,0.12,2.242,"Algeria","Algeria",98583.134,2736.424,224.813658366119,6.24027118351552,0.0277575269619649,"Algeria",0,0,0,0
"110","Ukraine","Commonwealth of Independent States",4.875,0.052,4.977,4.773,9.436,0.888,64.902,0.724,-0.011,0.924,2.43,0.979,0.958,0.517,0.417,0.181,0.01,1.813,"Ukraine","Ukraine",1062998.146,18687.285,2430.61234686001,42.729656510889,0.01757979077416,"Ukraine",0,0,0,0
"111","Iraq","Middle East and North Africa",4.854,0.059,4.97,4.738,9.24,0.746,60.583,0.63,-0.053,0.875,2.43,0.91,0.638,0.381,0.302,0.153,0.041,2.429,"Iraq","Iraq",592583.849,12787.716,1473.26447834437,31.7924421560737,0.0215795891527918,"Iraq",0,0,0,0
"112","Gabon","Sub-Saharan Africa",4.852,0.075,4.998,4.706,9.603,0.776,59.962,0.731,-0.2,0.84,2.43,1.037,0.707,0.362,0.424,0.058,0.064,2.201,"Gabon","Gabon",9521.131,64.0280000000001,427.776035526353,2.87672168387153,0.00672483132518606,"Gabon",0,0,0,0
"113","Burkina Faso","Sub-Saharan Africa",4.834,0.081,4.993,4.675,7.678,0.672,54.151,0.695,-0.009,0.748,2.43,0.364,0.472,0.179,0.381,0.182,0.122,3.133,"Burkina Faso","Burkina Faso",6420.426,80.1530000000001,30.7149242334145,0.383447036393048,0.0124840625840092,"Burkina Faso",0,0,0,0
"114","Cambodia","Southeast Asia",4.83,0.067,4.963,4.698,8.36,0.765,62,0.959,0.034,0.843,2.43,0.603,0.68,0.426,0.702,0.21,0.061,2.148,"Cambodia","Cambodia",365.157999999999,0,2.1840937459608,0,0,"Cambodia",0,0,0,0
"115","Mozambique","Sub-Saharan Africa",4.794,0.103,4.997,4.592,7.158,0.744,54.706,0.882,0.061,0.684,2.43,0.183,0.634,0.196,0.608,0.228,0.163,2.783,"Mozambique","Mozambique",18332.425,161.575,58.6535589730234,0.516950092039993,0.00881361849291624,"Mozambique",0,0,0,0
"116","Nigeria","Sub-Saharan Africa",4.759,0.052,4.861,4.658,8.533,0.74,50.102,0.737,0.037,0.878,2.43,0.663,0.625,0.051,0.433,0.212,0.039,2.736,"Nigeria","Nigeria",85040.842,1263.577,41.2540081396399,0.612971539522879,0.0148584723561415,"Nigeria",0,0,0,0
"117","Mali","Sub-Saharan Africa",4.723,0.082,4.884,4.563,7.744,0.724,51.969,0.697,-0.036,0.827,2.43,0.387,0.59,0.11,0.384,0.164,0.072,3.016,"Mali","Mali",6750.852,257.431,33.3361677844972,1.27121184243572,0.0381331126797033,"Mali",0,0,0,0
"118","Iran","Middle East and North Africa",4.721,0.055,4.828,4.614,9.584,0.71,66.3,0.608,0.218,0.714,2.43,1.03,0.557,0.561,0.275,0.33,0.144,1.823,"Iran","Iran",1206545.141,54803.865,1436.48377382326,65.2481702839999,0.0454221422288252,"Iran",0,0,0,0
"119","Uganda","Sub-Saharan Africa",4.636,0.073,4.78,4.493,7.677,0.781,56.101,0.709,0.122,0.855,2.43,0.364,0.718,0.24,0.398,0.267,0.054,2.596,"Uganda","Uganda",34120.996,248.294,74.596086661857,0.542825911108197,0.00727686847124861,"Uganda",0,0,0,0
"120","Liberia","Sub-Saharan Africa",4.625,0.106,4.833,4.417,7.288,0.72,56.498,0.735,0.05,0.85,2.43,0.228,0.58,0.253,0.43,0.221,0.057,2.857,"Liberia","Liberia",1777.859,83.016,35.1516911815445,1.6413859564381,0.0466943666511236,"Liberia",0,0,0,0
"121","Kenya","Sub-Saharan Africa",4.607,0.072,4.747,4.466,8.361,0.688,60.704,0.779,0.287,0.825,2.43,0.603,0.508,0.385,0.483,0.375,0.073,2.18,"Kenya","Kenya",96044.004,1661.714,178.615737391508,3.09033629464045,0.0173015902169176,"Kenya",0,0,0,0
"122","Tunisia","Middle East and North Africa",4.596,0.058,4.709,4.484,9.266,0.691,67.201,0.656,-0.201,0.87,2.43,0.919,0.515,0.59,0.334,0.057,0.044,2.138,"Tunisia","Tunisia",133536.565,4523.011,1129.88307939219,38.2702190729914,0.0338709551200452,"Tunisia",0,0,0,0
"123","Lebanon","Middle East and North Africa",4.584,0.055,4.691,4.477,9.626,0.848,67.355,0.525,-0.073,0.898,2.43,1.045,0.868,0.595,0.175,0.14,0.026,1.736,"Lebanon","Lebanon",173741.57,1414.739,2545.4991779287,20.7274342086564,0.00814277780498933,"Lebanon",0,0,0,0
"124","Namibia","Sub-Saharan Africa",4.574,0.064,4.7,4.448,9.161,0.818,56.799,0.719,-0.149,0.847,2.43,0.882,0.801,0.262,0.411,0.091,0.059,2.068,"Namibia","Namibia",22426.43,193.426,882.612018657838,7.61245157258247,0.00862491265885832,"Namibia",0,0,0,0
"125","Palestinian Territories","Middle East and North Africa",4.517,0.067,4.649,4.384,8.485,0.826,62.25,0.653,-0.163,0.821,2.43,0.646,0.819,0.434,0.33,0.082,0.075,2.131,"Palestinian Territories",NA,NA,NA,NA,NA,NA,NA,NA,NA,NA,NA
"126","Myanmar","Southeast Asia",4.426,0.052,4.527,4.324,8.541,0.779,59.302,0.876,0.509,0.66,2.43,0.666,0.713,0.341,0.601,0.52,0.178,1.407,"Myanmar","Myanmar",122530.567,2618.863,225.199468683892,4.81321984053092,0.0213731403038394,"Myanmar",0,0,0,0
"127","Jordan","Middle East and North Africa",4.395,0.062,4.516,4.273,9.182,0.767,67,0.755,-0.167,0.705,2.43,0.89,0.685,0.583,0.455,0.079,0.15,1.553,"Jordan","Jordan",289757.863,3775.149,2839.88912236821,36.9998745484233,0.0130286334973419,"Jordan",0,0,0,0
"128","Chad","Sub-Saharan Africa",4.355,0.094,4.54,4.171,7.364,0.619,48.478,0.579,0.041,0.807,2.43,0.255,0.353,0,0.24,0.215,0.084,3.209,"Chad","Chad",2030,103.592,12.3585621914811,0.630664125389121,0.0510305418719212,"Chad",0,0,0,0
"129","Sri Lanka","South Asia",4.325,0.066,4.454,4.196,9.47,0.827,67.299,0.841,0.079,0.863,2.43,0.99,0.82,0.593,0.559,0.239,0.049,1.075,"Sri Lanka","Sri Lanka",41552.714,193.72,194.05141209298,0.904673508225047,0.00466203001806332,"Sri Lanka",0,0,0,0
"130","Swaziland","Sub-Saharan Africa",4.308,0.071,4.448,4.168,9.065,0.77,50.833,0.647,-0.185,0.708,2.43,0.849,0.693,0.074,0.323,0.067,0.147,2.155,"Swaziland",NA,NA,NA,NA,NA,NA,NA,NA,NA,NA,NA
"131","Comoros","Sub-Saharan Africa",4.289,0.084,4.454,4.123,8.031,0.626,57.349,0.548,0.082,0.781,2.43,0.488,0.367,0.279,0.202,0.241,0.101,2.61,"Comoros","Comoros",743.142,8.00599999999999,85.4584030496955,0.920658467447491,0.0107731765934371,"Comoros",0,0,0,0
"132","Egypt","Middle East and North Africa",4.283,0.045,4.371,4.195,9.367,0.75,61.998,0.749,-0.182,0.795,2.43,0.954,0.647,0.426,0.446,0.069,0.092,1.648,"Egypt","Egypt",133973.433,7465.573,130.917295721166,7.29527195267851,0.0557242793054351,"Egypt",0,0,0,0
"133","Ethiopia","Sub-Saharan Africa",4.275,0.051,4.374,4.175,7.694,0.764,59,0.752,0.082,0.761,2.43,0.37,0.679,0.331,0.451,0.241,0.114,2.089,"Ethiopia","Ethiopia",123113.855,1910.44,107.089438052744,1.66177840855917,0.0155176685840924,"Ethiopia",0,0,0,0
"134","Mauritania","Sub-Saharan Africa",4.227,0.07,4.365,4.09,8.542,0.795,57.161,0.561,-0.106,0.731,2.43,0.666,0.749,0.273,0.218,0.119,0.133,2.069,"Mauritania","Mauritania",13819.856,329.873,297.222936730858,7.09456175290237,0.0238694961799891,"Mauritania",0,0,0,0
"135","Madagascar","Sub-Saharan Africa",4.208,0.072,4.349,4.068,7.396,0.686,59.305,0.552,-0.005,0.803,2.43,0.266,0.503,0.341,0.207,0.185,0.087,2.62,"Madagascar","Madagascar",17685.437,260.712,63.8670501796991,0.941503813926095,0.0147416204643402,"Madagascar",0,0,0,0
"136","Togo","Sub-Saharan Africa",4.107,0.077,4.258,3.956,7.362,0.569,54.914,0.619,0.032,0.772,2.43,0.254,0.239,0.203,0.289,0.209,0.107,2.806,"Togo","Togo",3582.147,68.0240000000001,43.2692450551334,0.82167122835283,0.018989728785558,"Togo",0,0,0,0
"137","Zambia","Sub-Saharan Africa",4.073,0.069,4.209,3.938,8.145,0.708,55.809,0.782,0.061,0.823,2.43,0.528,0.552,0.231,0.487,0.227,0.074,1.975,"Zambia","Zambia",20053.14,384.153999999999,109.07956916346,2.08961553215206,0.0191568003813866,"Zambia",0,0,0,0
"138","Sierra Leone","Sub-Saharan Africa",3.849,0.077,4.001,3.698,7.434,0.63,51.651,0.717,0.084,0.866,2.43,0.279,0.377,0.1,0.408,0.243,0.047,2.396,"Sierra Leone","Sierra Leone",2567.144,76.0170000000001,32.1818832553904,0.952954029623973,0.0296115060160241,"Sierra Leone",0,0,0,0
"139","India","South Asia",3.819,0.026,3.869,3.769,8.755,0.603,60.633,0.893,0.089,0.774,2.43,0.741,0.316,0.383,0.622,0.246,0.106,1.405,"India","India",10223903.002,148133.436,740.86018226674,10.7342728479808,0.0144889320615642,"India",0,0,0,0
"140","Burundi","Sub-Saharan Africa",3.775,0.107,3.985,3.565,6.635,0.49,53.4,0.626,-0.024,0.607,2.43,0,0.062,0.155,0.298,0.172,0.212,2.876,"Burundi","Burundi",800.423,2.002,6.73145859805172,0.0168365728037545,0.00250117750239561,"Burundi",0,0,0,0
"141","Yemen","Middle East and North Africa",3.658,0.07,3.794,3.521,7.578,0.832,57.122,0.602,-0.147,0.8,2.43,0.329,0.831,0.272,0.268,0.092,0.089,1.776,"Yemen","Yemen",2094.423,608.157999999999,7.02214593672199,2.03902183493257,0.290370187875133,"Yemen",0,0,0,0
"142","Tanzania","Sub-Saharan Africa",3.623,0.071,3.762,3.485,7.876,0.702,57.999,0.833,0.183,0.577,2.43,0.433,0.54,0.3,0.549,0.307,0.231,1.263,"Tanzania","Tanzania",506.571,21,0.848041640726061,0.0351557322769114,0.0414551958165785,"Tanzania",0,0,0,0
"143","Haiti","Latin America and Caribbean",3.615,0.173,3.953,3.276,7.477,0.54,55.7,0.593,0.422,0.721,2.43,0.294,0.173,0.227,0.257,0.463,0.139,2.06,"Haiti","Haiti",9919.572,235.578,86.9944599151786,2.06601463025802,0.0237488069041688,"Haiti",0,0,0,0
"144","Malawi","Sub-Saharan Africa",3.6,0.092,3.781,3.419,6.958,0.537,57.948,0.78,0.038,0.729,2.43,0.113,0.168,0.298,0.484,0.213,0.134,2.19,"Malawi","Malawi",6405.142,188.16,33.4822638108663,0.983588304311222,0.029376397900312,"Malawi",0,0,0,0
"145","Lesotho","Sub-Saharan Africa",3.512,0.12,3.748,3.276,7.926,0.787,48.7,0.715,-0.131,0.915,2.43,0.451,0.731,0.007,0.405,0.103,0.015,1.8,"Lesotho","Lesotho",2902.715,51.012,135.498298052704,2.38123246004672,0.0175738920286697,"Lesotho",0,0,0,0
"146","Botswana","Sub-Saharan Africa",3.467,0.074,3.611,3.322,9.782,0.784,59.269,0.824,-0.246,0.801,2.43,1.099,0.724,0.34,0.539,0.027,0.088,0.648,"Botswana","Botswana",14230.158,39.746,605.120204114176,1.6901504278956,0.00279308212881403,"Botswana",0,0,0,0
"147","Rwanda","Sub-Saharan Africa",3.415,0.068,3.548,3.282,7.676,0.552,61.4,0.897,0.061,0.167,2.43,0.364,0.202,0.407,0.627,0.227,0.493,1.095,"Rwanda","Rwanda",8041.427,78.156,62.0853709201264,0.603418304939335,0.0097191704905112,"Rwanda",0,0,0,0
"148","Zimbabwe","Sub-Saharan Africa",3.145,0.058,3.259,3.03,7.943,0.75,56.201,0.677,-0.047,0.821,2.43,0.457,0.649,0.243,0.359,0.157,0.075,1.205,"Zimbabwe","Zimbabwe",13267.428,352.164,89.2652436495178,2.36941216222081,0.02654350187542,"Zimbabwe",0,0,0,0
"149","Afghanistan","South Asia",2.523,0.038,2.596,2.449,7.695,0.463,52.493,0.382,-0.102,0.924,2.43,0.37,0,0.126,0,0.122,0.01,1.895,"Afghanistan","Afghanistan",51184.28,2167.566,131.483332413267,5.56809240856167,0.0423482756815179,"Afghanistan",0,0,0,0
